[
  {
    "ENABLED": "true",
    "SELECT_MODE": "buy+sell", // available values : "buy_only" / "buy+sell" / "buy+trailing_stop" / "pinksale"
    "SYMBOL": "CAKE",
    "ADDRESS": "0x0e09fabb73bd3ade0a17ecc321fd13a19e81ce82",

// -----------  BUY / SELL  PARAMETERS ----------------------------------------------------------------------------------------
    "KIND_OF_SWAP": "base",            // enter "base" to use BUYAMOUNTINBASE , and "tokens" to use BUYAMOUNTINTOKENS
    "BUYAMOUNTINBASE": "0.01",
    "BUYAMOUNTINTOKEN": "50",
    "MAX_BASE_AMOUNT_PER_EXACT_TOKENS_TRANSACTION": "0.5",     // used with KIND_OF_SWAP = tokens

    "SELLPRICEINBASE": "0.0001",         // You can now put amount in % in this field
    "SELLAMOUNTINTOKENS": "all",
    "STOPLOSSPRICEINBASE": "60%",      // You can now put amount in % in this field
    "SLIPPAGE": "49",

// -----------  TRAILING_STOP_LOSS  PARAMETERS -----------------------------------------------------------
    "TRAILING_STOP_LOSS": "15%",       // Step 1 : bot wait for SELLPRICE to be reached. Step 2 : bot monitor ATH and sell when price drops XX% under ATH

// -----------  LIQUIDITY PARAMETERS ------------------------------------------------------------------------------------------
    "MINIMUM_LIQUIDITY_IN_DOLLARS": "0",

// -----------  COUNTER  ANTI BOT PARAMETERS ---------------------------------------------------------------------------
    "WAIT_FOR_OPEN_TRADE": "true_after_buy_tx_failed", // check Wiki, this is very useful
    "BUY_AND_SELL_TAXES_CHECK": "false",      // BSC/AVAX/FTM only - put 'true' if you want the bot to check BUY/SELL tax fees
    "MAX_BUY_TAX_IN_%": "20",                 // bot will buy as soon as BUY tax is lower that this value
    "MAX_SELL_TAX_IN_%": "20",                // bot will buy as soon as SELL tax is lower that this value
    "BUYAFTER_XXX_SECONDS": "0",
    "MULTIPLEBUYS": "same_wallet",            // you can use 2 options : 'several_wallets' or 'same_wallet'. Check wiki
    "BUYCOUNT": "5",

// -----------  GAS PARAMETERS ----------------------------------------------------------------------------------------
    "GAS": "BOOST",                     // Team recommend you to use BOOST here
    "MAX_GAS": "9999",                  // Put here the maximum of GAS you want to pay if you use BOOST. If GAS > MAX_GAS Tx won't be made
    "BOOSTPERCENT": "30",
    "GASLIMIT": "1000000",
    "GASPRIORITY_FOR_EIP1559": "1.5",  // for ETH and AVAX

// -----------  OTHER PARAMETERS ----------------------------------------------------------------------------------------
    "MOONBAG": "0",                     // Bot will keep this amount in your wallet after SELL order
    "MAXTOKENS": "0.0001",                   // Bot will stop if your balance > MAXTOKENS
    "HASFEES": "false",
    "MAX_SUCCESS_TRANSACTIONS_IN_A_ROW": "5",
    "MAX_FAILED_TRANSACTIONS_IN_A_ROW": "2",
    "RUGDOC_CHECK": "false",
    "ALWAYS_CHECK_BALANCE": "false",    // use this if you want bot to check your token balance between each price check

// -----------  PINKSALE SNIPING ----------------------------------------------------------------------------------------
    "PINKSALE_PRESALE_ADDRESS": "0x43b75cd8AE9f9E3b0c4a7b67A9afddf016C7825B"
  }
]
